1,Leigh Yakob,1003,1003
2,Niko Anderson,1004,1004
3,Andros Heaviside,1005,1005
4,Darcey Conaboy,1006,1006
5,Saree Emslie,1007,1007
6,Alfi Alforde,1008,1008
7,Leontine Rainy,1009,1009
8,Grantham Daulton,1010,1010
9,Wilhelmina Bellord,1011,1011
10,Toni Di Baudi,1012,1012
11,Eugenie Bibby,1013,1013
12,Berri Trood,1014,1014
13,Josefa Davis,1015,1015
14,Isaac Floris,1016,1016
15,Gav Beavon,1017,1017
16,Lara Spink,1018,1018
17,Lambert Kiefer,1019,1019
18,Tressa Benam,1020,1020
19,Lauretta Dewhirst,1021,1021
20,Lise Banke,1022,1022
21,Barry Sallings,1023,1023
22,Artemas Karpenko,1024,1024
23,Babara Lavies,1025,1025
24,Celinda Wontner,1026,1026
25,Gwendolen Gaw,1027,1027
26,Sindee Pexton,1028,1028
27,Bing Haestier,1029,1029
28,Genia Dyas,1030,1030
29,Conway Radbourn,1031,1031
30,Lillian Codi,1032,1032
31,Natassia Ions,1033,1033
32,Daffie Pillinger,1034,1034
33,Valli Chorlton,1035,1035
34,Torrie Kelwick,1036,1036
35,Constance Colville,1037,1037
36,Anett Brownhill,1038,1038
37,Baird Geke,1039,1039
38,Creighton Dwelley,1040,1040
39,Lettie Dorbin,1041,1041
40,Zsa zsa Bowne,1042,1042
41,Vivian Barnett,1043,1043
42,Rochella Nevill,1044,1044
43,Holt Bradock,1045,1045
44,Mickie Upston,1046,1046
45,Camile Lacknor,1047,1047
46,Magdaia Sinkings,1048,1048
47,Puff Caswell,1049,1049
48,Gerhard Presslie,1050,1050
49,Calida Hambright,1051,1051
50,Edik Pidgeon,1052,1052
51,Margy Scramage,1053,1053
52,Ange Tivenan,1054,1054
53,Charlean Bidgod,1055,1055
54,Terrence Hache,1056,1056
55,Eolande Andreasson,1057,1057
56,Hugibert Pafford,1058,1058
57,Phelia Camellini,1059,1059
58,Marcelo Gallichiccio,1060,1060
59,Tomas Lorkins,1061,1061
60,Immanuel Neles,1062,1062
61,Beverie Farres,1063,1063
62,Fritz Ridhole,1064,1064
63,Leora Ramble,1065,1065
64,Phillis Bunson,1066,1066
65,Ritchie Streets,1067,1067
66,Jobina Herreran,1068,1068
67,Damon Storms,1069,1069
68,Felecia D'Alwis,1070,1070
69,Bell Darycott,1071,1071
70,Jackie Hame,1072,1072
71,Issi Shimony,1073,1073
72,Roselia Gorst,1074,1074
73,Katheryn Gillean,1075,1075
74,Meagan Stringfellow,1076,1076
75,Marianna Plumridege,1077,1077
76,Lora Raspison,1078,1078
77,Allard Castanaga,1079,1079
78,Cicily Thairs,1080,1080
79,Toddy Holberry,1081,1081
80,Connie Kensy,1082,1082
81,Piotr Fitton,1083,1083
82,Mile Digby,1084,1084
83,Silvie Sprigin,1085,1085
84,Bruis Kynsey,1086,1086
85,Paulo Noir,1087,1087
86,Milo Roddick,1088,1088
87,Heriberto Rozzier,1089,1089
88,Langsdon Murie,1090,1090
89,Chelsae Foucar,1091,1091
90,Aleen Wessing,1092,1092
91,Leupold Rubinov,1093,1093
92,Linc Dundendale,1094,1094
93,Bobbi Agronski,1095,1095
94,Lindon Littlecote,1096,1096
95,Riordan Quilkin,1097,1097
96,Virginie Pretorius,1098,1098
97,Brandy Angrave,1099,1099
98,Avery Earie,1100,1100
99,Clovis Tilberry,1101,1101
100,Benjy Evett,1102,1102
101,Gherardo Hadwick,1103,1103
102,Dix Tuxwell,1104,1104
103,Fawnia Wakely,1105,1105
104,Gaynor Delaney,1106,1106
105,Berkley Iltchev,1107,1107
106,Shannon McKennan,1108,1108
107,Norene Phython,1109,1109
108,Ibrahim Pearlman,1110,1110
109,Brigitte Bythell,1111,1111
110,Diahann Colaco,1112,1112
111,Pammie Hookes,1113,1113
112,Raphaela Erricker,1114,1114
113,Rosanna Havelin,1115,1115
114,Nils Martugin,1116,1116
115,Yasmin Boxhall,1117,1117
116,Othello Baynton,1118,1118
117,Tobey Eagling,1119,1119
118,Ellary Messenger,1120,1120
119,Andros Coper,1121,1121
120,Jonathon Considine,1122,1122
121,Pat Stansall,1123,1123
122,Barrett Nani,1124,1124
123,Veronique Giabuzzi,1125,1125
124,Claudianus Moret,1126,1126
125,Rosco Casetti,1127,1127
126,Andriette Lowthian,1128,1128
127,Vyky Roma,1129,1129
128,Jerrie Jopke,1130,1130
129,Louis Kilroy,1131,1131
130,Bird Margarson,1132,1132
131,Noak Hanna,1133,1133
132,Jule Smy,1134,1134
133,Dannye Rusbridge,1135,1135
134,Dniren MacAlpin,1136,1136
135,Puff Hateley,1137,1137
136,Tammi Doonican,1138,1138
137,Peggi Cowley,1139,1139
138,Giselle Ezzy,1140,1140
139,Lazaro Knightsbridge,1141,1141
140,Shaylyn Kose,1142,1142
141,Burg Whittenbury,1143,1143
142,Carce Trippick,1144,1144
143,Benton Kytley,1145,1145
144,Mark Mill,1146,1146
145,Shep McElvogue,1147,1147
146,Babbie Skahill,1148,1148
147,Gerrie Cariss,1149,1149
148,Maris Aslam,1150,1150
149,Morten Broggio,1151,1151
150,Page Kilban,1152,1152
151,Faber Pidcock,1153,1153
152,Carissa Lockie,1154,1154
153,Billy Pote,1155,1155
154,Claudelle Merigot,1156,1156
155,Shaine Flagg,1157,1157
156,Alice Trass,1158,1158
157,Ring Kennelly,1159,1159
158,Lonnie Fenimore,1160,1160
159,Hamish Abrahmovici,1161,1161
160,Flint Foulkes,1162,1162
161,Maura Boissieux,1163,1163
162,Averill Fritzer,1164,1164
163,Dian Quaintance,1165,1165
164,Candie Pipes,1166,1166
165,Ade Jewer,1167,1167
166,Humbert De Souza,1168,1168
167,Cristal Zavattieri,1169,1169
168,Norris Di Ruggero,1170,1170
169,Irvin Bubbins,1171,1171
170,Holly Antonowicz,1172,1172
171,Janene Boltwood,1173,1173
172,Wileen Di Antonio,1174,1174
173,Merry Pisco,1175,1175
174,Fey Have,1176,1176
175,Nolly Bezemer,1177,1177
176,Jecho Champneys,1178,1178
177,Corena Beldham,1179,1179
178,Fulvia Halladey,1180,1180
179,Heida McIlraith,1181,1181
180,Stern Skipton,1182,1182
181,Olvan Carmody,1183,1183
182,Johna Newton,1184,1184
183,Tomi Gapp,1185,1185
184,Dalis Le Claire,1186,1186
185,Jarad Ipsley,1187,1187
186,Naoma Kleinhausen,1188,1188
187,Camey Alleway,1189,1189
188,Emmanuel Semarke,1190,1190
189,Filippa Shirtcliffe,1191,1191
190,Ramonda Granham,1192,1192
191,Mavis Curnock,1193,1193
192,Hailey Redpath,1194,1194
193,Arlen Girsch,1195,1195
194,Peyton Noel,1196,1196
195,Mady Mardee,1197,1197
196,Phillie Lansdowne,1198,1198
197,Candy Stubbley,1199,1199
198,Kenn MacGowan,1200,1200
199,Honey Brimble,1201,1201
200,Alyse Irvin,1202,1202
201,Elsa Labes,1203,1203
202,Lock Kenwood,1204,1204
203,Erastus Leftridge,1205,1205
204,Carley Trumble,1206,1206
205,Ralf Baulcombe,1207,1207
206,Steward Filipov,1208,1208
207,Sammy Thurlow,1209,1209
208,Nola Coughlin,1210,1210
209,Danella Beed,1211,1211
210,Abelard Hub,1212,1212
211,Aube Timblett,1213,1213
212,Vonni Stranieri,1214,1214
213,Edwin Goold,1215,1215
214,Reggy Kidstone,1216,1216
215,Taber Bonhill,1217,1217
216,Nanci Carmel,1218,1218
217,Roarke Pulsford,1219,1219
218,Vassili Maidment,1220,1220
219,Hester Beaudry,1221,1221
220,Siana Bothen,1222,1222
221,Aymer Pittam,1223,1223
222,Aube Gallo,1224,1224
223,Nadya Frood,1225,1225
224,Cristiano Kayne,1226,1226
225,Sylvester Tanswill,1227,1227
226,Cristian Aneley,1228,1228
227,Penny Lithgow,1229,1229
228,Felicdad Dono,1230,1230
229,Ibbie Aires,1231,1231
230,Foss Bolt,1232,1232
231,Erhard Muzzollo,1233,1233
232,Morissa Seabright,1234,1234
233,Luisa Forbear,1235,1235
234,Matthew Summerhayes,1236,1236
235,Carolyn O'Toole,1237,1237
236,Mervin Bonanno,1238,1238
237,Sebastian Neles,1239,1239
238,Tisha Ludlem,1240,1240
239,Mile Maevela,1241,1241
240,Lamond Onraet,1242,1242
241,Jone Matyugin,1243,1243
242,Ranice Gollin,1244,1244
243,Nicolina Presswell,1245,1245
244,Susann Harbottle,1246,1246
245,Van Hargey,1247,1247
246,Roderic Wille,1248,1248
247,Randa Wordington,1249,1249
248,Gerty Sanham,1250,1250
249,Aldis Carbin,1251,1251
250,Janela Matiebe,1252,1252
251,Ricky Van Halle,1253,1253
252,Hortensia Koopman,1254,1254
253,Joseito Copplestone,1255,1255
254,Sidnee Phillip,1256,1256
255,Salaidh Paal,1257,1257
256,Javier Phateplace,1258,1258
257,Elyn Bootes,1259,1259
258,Ed Argue,1260,1260
259,Gianna Moger,1261,1261
260,Clement Vanyushkin,1262,1262
261,Farris Baff,1263,1263
262,Hank Core,1264,1264
263,Ebonee Peche,1265,1265
264,Becca Coale,1266,1266
265,Osbert Cinavas,1267,1267
266,Kaila Mathelon,1268,1268
267,Bernadette Fee,1269,1269
268,Salli Blindermann,1270,1270
269,Wilburt Raison,1271,1271
270,Madeleine Fyall,1272,1272
271,Annetta Curr,1273,1273
272,Casey Jeanesson,1274,1274
273,Debby Vasse,1275,1275
274,Ginny Brower,1276,1276
275,Johnath Amor,1277,1277
276,La verne Cressor,1278,1278
277,Emili Webley,1279,1279
278,Birdie Ibbott,1280,1280
279,Ruby Erdely,1281,1281
280,Kaine Sandeford,1282,1282
281,Walliw Ditchburn,1283,1283
282,Manuel Kienle,1284,1284
283,Karry Beaford,1285,1285
284,Manuel O'Finan,1286,1286
285,Ansell Gillatt,1287,1287
286,Smitty Jost,1288,1288
287,Portie Shailer,1289,1289
288,Milissent Vanderplas,1290,1290
289,Adah Vasiljevic,1291,1291
290,Arv Domenici,1292,1292
291,Loren Goreisr,1293,1293
292,Florina Aldiss,1294,1294
293,Lorenzo Fieldgate,1295,1295
294,Giorgio Rehn,1296,1296
295,Zacharia Liell,1297,1297
296,Yelena Sarsons,1298,1298
297,Janela Tregea,1299,1299
298,Benedetta Frankham,1300,1300
299,Garik Standering,1301,1301
300,Kaye Swyer-Sexey,1302,1302
301,Guilbert Skirvane,1303,1303
302,Emmalyn Thornhill,1304,1304
303,Nicky Salerg,1305,1305
304,Valaria Hilley,1306,1306
305,Francyne Munton,1307,1307
306,Bessie Gell,1308,1308
307,Jemie Marlon,1309,1309
308,Marilee Wheelwright,1310,1310
309,Bobine O'Currigan,1311,1311
310,Patten Benham,1312,1312
311,Shelby Pavkovic,1313,1313
312,Cornelle Bendelow,1314,1314
313,Mohammed Orneles,1315,1315
314,Mile Vanderson,1316,1316
315,Arel Krzysztofiak,1317,1317
316,Glori Bauchop,1318,1318
317,Rosemonde Ragsdale,1319,1319
318,Patin MacAndie,1320,1320
319,Reid Cardinal,1321,1321
320,Cristen Grisley,1322,1322
321,Dixie Sandbach,1323,1323
322,Maurine Daid,1324,1324
323,Francklyn Vittori,1325,1325
324,Dicky Morson,1326,1326
325,Jessi McVey,1327,1327
326,Farleigh Bithell,1328,1328
327,Chevy Stanett,1329,1329
328,Eada Sall,1330,1330
329,Kevin Glazer,1331,1331
330,Jane Cockroft,1332,1332
331,Isidore Braferton,1333,1333
332,Flint Formilli,1334,1334
333,Wallache Carrell,1335,1335
334,Maisey Pleming,1336,1336
335,Lib Gookey,1337,1337
336,Karisa Babar,1338,1338
337,Maryanne Joly,1339,1339
338,Ellyn O'Cahsedy,1340,1340
339,Wenona Frankis,1341,1341
340,Delmore Mapother,1342,1342
341,Hollie Battista,1343,1343
342,Kellen Glendining,1344,1344
343,Roxanna Chittleburgh,1345,1345
344,Gerda Kennagh,1346,1346
345,Natasha Vasilenko,1347,1347
346,Corette Birnie,1348,1348
347,Wilt Wibberley,1349,1349
348,Bradley Mathevet,1350,1350
349,Ellyn Janoch,1351,1351
350,Gerrie Gwillyam,1352,1352
351,Peri Rainford,1353,1353
352,Alysia Redgate,1354,1354
353,Goran Mithun,1355,1355
354,Fionna Melloi,1356,1356
355,Thorstein Winspurr,1357,1357
356,Alley Veelers,1358,1358
357,Cherianne Layland,1359,1359
358,Alison Bleddon,1360,1360
359,Farly Huertas,1361,1361
360,Edgard Frewer,1362,1362
361,Sada Dominey,1363,1363
362,Trevor Spykings,1364,1364
363,Willie Norrington,1365,1365
364,Aaren Swyne,1366,1366
365,Grantham Pylkynyton,1367,1367
366,Tiff Clutterbuck,1368,1368
367,Marcello Kunneke,1369,1369
368,Moore Parsell,1370,1370
369,Toni Fearnill,1371,1371
370,Franny Glasscock,1372,1372
371,Merola Dibling,1373,1373
372,Belva Glassman,1374,1374
373,Vincent Mair,1375,1375
374,Alberta Penddreth,1376,1376
375,Nonnah Dosdell,1377,1377
376,Finlay Cooney,1378,1378
377,Korey Crooks,1379,1379
378,Julita Bavridge,1380,1380
379,Mathe Kollatsch,1381,1381
380,Fransisco Biddiss,1382,1382
381,Rowan Garthside,1383,1383
382,Dmitri Mathiasen,1384,1384
383,Evvie Ugoni,1385,1385
384,Kain Westphal,1386,1386
385,Donnie Marriott,1387,1387
386,Trace Dummigan,1388,1388
387,Sallyann Cramphorn,1389,1389
388,Ber Goldster,1390,1390
389,Garnette Astman,1391,1391
390,Ruby Toppas,1392,1392
391,Florance Gounel,1393,1393
392,Mischa Jessop,1394,1394
393,Mathilda de Zamora,1395,1395
394,Obed Autrie,1396,1396
395,Tommie MacAllaster,1397,1397
396,Mellisent Grisley,1398,1398
397,Nerissa Songest,1399,1399
398,Burton Sturt,1400,1400
399,Carmon Whines,1401,1401
400,Waylin Gillam,1402,1402
401,Belia Arias,1403,1403
402,Evvie Pieterick,1404,1404
403,Nickola Craddy,1405,1405
404,Frants Netherwood,1406,1406
405,Lazaro Tordoff,1407,1407
406,Cosetta Jorcke,1408,1408
407,Isabelle Kellie,1409,1409
408,Teodorico Peasey,1410,1410
409,Leticia Opdenorth,1411,1411
410,Sasha Culshaw,1412,1412
411,Letitia Trevarthen,1413,1413
412,Romeo Alenikov,1414,1414
413,Elfie Glowinski,1415,1415
414,Darya Arthars,1416,1416
415,Monro Dedrick,1417,1417
416,Dianemarie Jaffray,1418,1418
417,Francoise Frankes,1419,1419
418,Emyle Pettie,1420,1420
419,Tabitha Bennetto,1421,1421
420,Grantham McGorley,1422,1422
421,Feodor Dinan,1423,1423
422,Marlowe Nutbeam,1424,1424
423,Kizzie Fawcitt,1425,1425
424,Serge McGilbon,1426,1426
425,Delmor Brittian,1427,1427
426,Madelene Wrates,1428,1428
427,Mitchel Parsisson,1429,1429
428,Adele Challiss,1430,1430
429,Tabbie Mantione,1431,1431
430,Marisa Callis,1432,1432
431,Jaclin Callery,1433,1433
432,Matelda Bunt,1434,1434
433,Legra Mathiot,1435,1435
434,Sharity Thomason,1436,1436
435,Anthe Lusher,1437,1437
436,Alvera Tate,1438,1438
437,Masha Butler,1439,1439
438,Aviva Baxstare,1440,1440
439,Isabel Caves,1441,1441
440,Maurene Timmes,1442,1442
441,Hubie Bantham,1443,1443
442,Bryon Catherall,1444,1444
443,Prissie MacDearmont,1445,1445
444,Jackqueline Kemp,1446,1446
445,Guenevere Hune,1447,1447
446,Dalli Pletts,1448,1448
447,Avram Marson,1449,1449
448,Allan Pummell,1450,1450
449,Evania Malbon,1451,1451
450,Rahel Lazer,1452,1452
451,Christoffer Gage,1453,1453
452,Lorenzo Hanbury-Brown,1454,1454
453,Carleen Rickaby,1455,1455
454,Dasha Cooper,1456,1456
455,Marylou Harlett,1457,1457
456,Nero Marians,1458,1458
457,Obadiah Oakly,1459,1459
458,Shelli Adriano,1460,1460
459,Shayne Dennitts,1461,1461
460,Packston Enriquez,1462,1462
461,Antons Alen,1463,1463
462,Erroll Aleshintsev,1464,1464
463,Brandi Lesurf,1465,1465
464,Ham Stobie,1466,1466
465,Liuka Hardison,1467,1467
466,Happy Parchment,1468,1468
467,Consuela Dullard,1469,1469
468,Joaquin Olenin,1470,1470
469,Emmye Hanlon,1471,1471
470,Cirilo Fawdry,1472,1472
471,Vernen Ingolotti,1473,1473
472,Eli Smead,1474,1474
473,Ursuline Walch,1475,1475
474,Maurene Majury,1476,1476
475,Delaney Jeffery,1477,1477
476,Sheff Lockyear,1478,1478
477,Lena Henrichs,1479,1479
478,Fabiano Sirkett,1480,1480
479,Orelia Sollime,1481,1481
480,Chick Draycott,1482,1482
481,Tris Niesel,1483,1483
482,Tobiah Cottie,1484,1484
483,Jere Stoker,1485,1485
484,Stepha Thomesson,1486,1486
485,Kitty Tolcher,1487,1487
486,Ruy Millar,1488,1488
487,Elsworth Proback,1489,1489
488,Valentine Lindell,1490,1490
489,Trixie Chantillon,1491,1491
490,Brannon Kilbride,1492,1492
491,Lodovico Avramchik,1493,1493
492,Mahalia Origin,1494,1494
493,Ber Hixson,1495,1495
494,Merla Edlestone,1496,1496
495,Leicester Dewane,1497,1497
496,Philipa Cabotto,1498,1498
497,Imelda Hutfield,1499,1499
498,Michal Byrd,1500,1500
499,Luther Harradence,1501,1501
500,Thorstein Upcott,1502,1502
501,Nickolaus Teaz,1503,1503
502,Rheta Boards,1504,1504
503,Rriocard Antoniewski,1505,1505
504,Idell Oattes,1506,1506
505,Roselle Bennough,1507,1507
506,Sephira Llopis,1508,1508
507,Hall Butland,1509,1509
508,Carolina McUre,1510,1510
509,Marquita Pruvost,1511,1511
510,Lissi April,1512,1512
511,Killy Tumber,1513,1513
512,Daloris Wharin,1514,1514
513,Gabriele Sharrard,1515,1515
514,Keefe Dalgetty,1516,1516
515,Carrie Pikett,1517,1517
516,Agnola Simeons,1518,1518
517,Godwin Brockton,1519,1519
518,Karel Dabney,1520,1520
519,Shaina Kennifeck,1521,1521
520,Cody Fernyhough,1522,1522
521,Madelon Gentreau,1523,1523
522,Gertruda Hurlston,1524,1524
523,Ortensia Jacklin,1525,1525
524,Fiorenze Moorman,1526,1526
525,Rickard Stigell,1527,1527
526,Barby Faux,1528,1528
527,Kelcey Ledram,1529,1529
528,Amble Eakin,1530,1530
529,Lindsey Ainsbury,1531,1531
530,Ilyse Daniele,1532,1532
531,Demetri Joannet,1533,1533
532,Lexis Glave,1534,1534
533,Kathye Sleeman,1535,1535
534,Mill Scottini,1536,1536
535,Benedicto Ivshin,1537,1537
536,Ermengarde Glowacha,1538,1538
537,Eveline Gwyther,1539,1539
538,Gwenora Tiernan,1540,1540
539,Chad Hallgate,1541,1541
540,Virgil Dreschler,1542,1542
541,Vicky Robardley,1543,1543
542,Bellanca Handover,1544,1544
543,Catina Peagrim,1545,1545
544,Rosana Trowill,1546,1546
545,Jillana Stouther,1547,1547
546,Afton Scarr,1548,1548
547,Davina Gookey,1549,1549
548,Cindra Newstead,1550,1550
549,Drew Pepis,1551,1551
550,Law Guildford,1552,1552
551,Kaylil Barnsdale,1553,1553
552,Clarissa Lyttle,1554,1554
553,Arly Alenichev,1555,1555
554,Teodorico Mulvihill,1556,1556
555,Emanuele Dresse,1557,1557
556,Kassie Cannavan,1558,1558
557,Pernell Putley,1559,1559
558,Serena Lindbergh,1560,1560
559,Robin Tabram,1561,1561
560,Bianca Kick,1562,1562
561,Gardener Penddreth,1563,1563
562,Luci Sollner,1564,1564
563,Francine Burstow,1565,1565
564,Fan Line,1566,1566
565,Aleta Atherton,1567,1567
566,Basia Minors,1568,1568
567,Domeniga Gather,1569,1569
568,Minna Trevan,1570,1570
569,Drona Hancke,1571,1571
570,Reuven Tracey,1572,1572
571,Thaine Bindley,1573,1573
572,Sloane Scrymgeour,1574,1574
573,Kristan Tonna,1575,1575
574,Cornela Colkett,1576,1576
575,Lynn Belleny,1577,1577
576,Salomon Choulerton,1578,1578
577,Huntington Gabotti,1579,1579
578,Nanci Feveryear,1580,1580
579,Vlad Dimmack,1581,1581
580,Florie Wisdish,1582,1582
581,Boycey McCourt,1583,1583
582,Vanessa Kynston,1584,1584
583,Mariele Zecchini,1585,1585
584,Ario Fevers,1586,1586
585,Major Coulman,1587,1587
586,Barn Tritton,1588,1588
587,Obie Mulcahy,1589,1589
588,Moyra Bridewell,1590,1590
589,Jillian Ramel,1591,1591
590,Kelli Leavy,1592,1592
591,Amelina Isakowicz,1593,1593
592,Karry Kewzick,1594,1594
593,Avivah Wildes,1595,1595
594,Stevena Ottewell,1596,1596
595,Andrey Vanner,1597,1597
596,Lori Mc Meekin,1598,1598
597,Elli Fuster,1599,1599
598,Garfield Pickrill,1600,1600
599,Samson Trelease,1601,1601
600,Peggi Cottom,1602,1602
601,Nita Westerman,1603,1603
602,Helyn Pawlyn,1604,1604
603,Reidar Loveless,1605,1605
604,Gasper Cawt,1606,1606
605,Francesco Dabling,1607,1607
606,Carleen Piatkow,1608,1608
607,Chandler Haslen,1609,1609
608,Gerome Jobin,1610,1610
609,Shandeigh Athowe,1611,1611
610,Serene Babber,1612,1612
611,Jobie Packham,1613,1613
612,Leshia Camblin,1614,1614
613,Ulberto Diter,1615,1615
614,Maybelle Oliver,1616,1616
615,Rubie World,1617,1617
616,Abigale Buttriss,1618,1618
617,Caron Civitillo,1619,1619
618,Sibylle Baythrop,1620,1620
619,Mirna Denty,1621,1621
620,Ingelbert Klambt,1622,1622
621,Bianka June,1623,1623
622,Bernelle Rigeby,1624,1624
623,Cathleen Arundale,1625,1625
624,Kristal MacKeogh,1626,1626
625,Meg Rodriguez,1627,1627
626,Chev O' Reagan,1628,1628
627,Benedick Hathwood,1629,1629
628,Bell Broke,1630,1630
629,Orson Cestard,1631,1631
630,Konstantine Gosz,1632,1632
631,Demetri Dumberrill,1633,1633
632,Eyde Garrad,1634,1634
633,Shane Soppitt,1635,1635
634,Concettina Bront,1636,1636
635,Doti Marns,1637,1637
636,Raddy Willis,1638,1638
637,Des Koppes,1639,1639
638,Wallie Mingame,1640,1640
639,Debor Chalfont,1641,1641
640,Siffre Langran,1642,1642
641,Chrissie Smallman,1643,1643
642,Elmer Purvey,1644,1644
643,Stacia Tunnicliffe,1645,1645
644,Fitzgerald Wagstaff,1646,1646
645,Tabby Yvon,1647,1647
646,Theo Maghull,1648,1648
647,Caro Dorset,1649,1649
648,Fonzie Ugolotti,1650,1650
649,Butch Senior,1651,1651
650,Salvador Kasperski,1652,1652
651,Merl Eliesco,1653,1653
652,Miguelita Westwater,1654,1654
653,Huntington Marousek,1655,1655
654,Winonah McKinnell,1656,1656
655,Normand Kleinsmuntz,1657,1657
656,Roth Pavolini,1658,1658
657,Damien Millions,1659,1659
658,Vanya Ricardon,1660,1660
659,Genna Roxby,1661,1661
660,Gilbertine Burkin,1662,1662
661,Artus Nilges,1663,1663
662,Consuela Vye,1664,1664
663,Tarah Gianetti,1665,1665
664,Daune Gannaway,1666,1666
665,Andree Wiszniewski,1667,1667
666,Corenda Milnthorpe,1668,1668
667,Lucio Bus,1669,1669
668,Rozalin Sanja,1670,1670
669,Junie Firebrace,1671,1671
670,Jenifer Dadd,1672,1672
671,Noll Koschek,1673,1673
672,Lezlie Wearing,1674,1674
673,Reynolds Hawkins,1675,1675
674,Leonelle Quixley,1676,1676
675,Ray Binns,1677,1677
676,Lowrance Killerby,1678,1678
677,Estel Saul,1679,1679
678,Yanaton Cockney,1680,1680
679,Norry Rosita,1681,1681
680,Livy McChruiter,1682,1682
681,Ewell Dachs,1683,1683
682,Brandie Razzell,1684,1684
683,Arabele Penhalewick,1685,1685
684,Caddric Sahnow,1686,1686
685,Alan Addie,1687,1687
686,Lambert Duns,1688,1688
687,Selena Futter,1689,1689
688,Laurie Claisse,1690,1690
689,Roderic Valasek,1691,1691
690,Wynnie Dike,1692,1692
691,Marv Lyndon,1693,1693
692,Renie Morison,1694,1694
693,Gino Lichfield,1695,1695
694,Merle Kleinhaus,1696,1696
695,Sonny Bohan,1697,1697
696,Cyrus Fishbourne,1698,1698
697,Dasi Winspire,1699,1699
698,Cathi Margiotta,1700,1700
699,Audrey Franek,1701,1701
700,Hally Kuhnert,1702,1702
701,Shena Caldaro,1703,1703
702,Cazzie Flatt,1704,1704
703,Randie Sallarie,1705,1705
704,Christy Swaisland,1706,1706
705,Breanne Synke,1707,1707
706,Kirbie McTrustie,1708,1708
707,Anderson Palphreyman,1709,1709
708,Pansie Alflat,1710,1710
709,Janith Guitt,1711,1711
710,Dorice MacConnell,1712,1712
711,Leonardo Sjostrom,1713,1713
712,Martainn Antham,1714,1714
713,Willi Kohtler,1715,1715
714,Delcina Mattis,1716,1716
715,Peyton Emmerson,1717,1717
716,Cathi Cortez,1718,1718
717,Windy McTeague,1719,1719
718,Joaquin Freak,1720,1720
719,Saxe Bussey,1721,1721
720,Clarabelle Baude,1722,1722
721,Karlee Coffelt,1723,1723
722,Marcelo Gother,1724,1724
723,Obadias Shurrock,1725,1725
724,Wandie McNirlin,1726,1726
725,Genni Ballham,1727,1727
726,Minni Timbrell,1728,1728
727,Alanson Maving,1729,1729
728,Eulalie Cantera,1730,1730
729,Pyotr Zorer,1731,1731
730,Ashton Bernini,1732,1732
731,Pauline Thys,1733,1733
732,Ariela Alwen,1734,1734
733,Brook Kenn,1735,1735
734,Adolphus Georghiou,1736,1736
735,Merrick Nern,1737,1737
736,Luciano Collingridge,1738,1738
737,Raynor Raynham,1739,1739
738,Calida Jarley,1740,1740
739,Bettye Ferrand,1741,1741
740,Antonina McReedy,1742,1742
741,Bibbye Oventon,1743,1743
742,Adina Huddle,1744,1744
743,Emmit Buddell,1745,1745
744,Kary Scorrer,1746,1746
745,Sophronia Hamlen,1747,1747
746,Sarita Peeter,1748,1748
747,Sherm Blazy,1749,1749
748,Brandy Whitmarsh,1750,1750
749,Gerhard Leander,1751,1751
750,Magdalen Foulsham,1752,1752
751,Brynna Mac Giany,1753,1753
752,Lynde Oran,1754,1754
753,Gabbie Sill,1755,1755
754,Ddene Collyear,1756,1756
755,Allan Clinning,1757,1757
756,Celesta Hinchcliffe,1758,1758
757,Graehme Croxon,1759,1759
758,Aurlie Vsanelli,1760,1760
759,Gasper Kestell,1761,1761
760,Willa Boake,1762,1762
761,Aleece Worral,1763,1763
762,Alleyn Wilkinson,1764,1764
763,Concettina Traylen,1765,1765
764,Margit Pickworth,1766,1766
765,Sheeree Hews,1767,1767
766,Alexei Seymour,1768,1768
767,Wye Jakovijevic,1769,1769
768,Talbert Quernel,1770,1770
769,Laney Blanque,1771,1771
770,Fidelity Sporgeon,1772,1772
771,Lisetta Freer,1773,1773
772,Jasmin Teese,1774,1774
773,Silvano Koubu,1775,1775
774,Janean Staig,1776,1776
775,Jayson Witterick,1777,1777
776,Clem Hunton,1778,1778
777,Dotti Syres,1779,1779
778,Izzy Novotni,1780,1780
779,Dani Wheelhouse,1781,1781
780,Maire Stolworthy,1782,1782
781,Francisco Blanking,1783,1783
782,Marcelia Bradborne,1784,1784
783,Karylin Baggiani,1785,1785
784,Huntley Scard,1786,1786
785,Ferguson Calbrathe,1787,1787
786,Marketa Coupman,1788,1788
787,Anselma Innwood,1789,1789
788,Tod Page,1790,1790
789,Jourdan Cunney,1791,1791
790,Phillipe Cottham,1792,1792
791,Correna Dron,1793,1793
792,Licha Oldcote,1794,1794
793,Barby Tufts,1795,1795
794,Dalis Teape,1796,1796
795,Addison Pellant,1797,1797
796,Bekki Crowson,1798,1798
797,Saundra Blythe,1799,1799
798,Ingeberg Knoton,1800,1800
799,Lusa Hince,1801,1801
800,Danya Normanell,1802,1802
801,Brewster Greneham,1803,1803
802,Bernetta Garside,1804,1804
803,Halimeda Caselick,1805,1805
804,Matthieu Ranfield,1806,1806
805,Claudio Noto,1807,1807
806,Enrico Castagnet,1808,1808
807,Stevie Toffoloni,1809,1809
808,Caresa Stebbin,1810,1810
809,Redd Aldins,1811,1811
810,Ulysses Cant,1812,1812
811,Neysa Domengue,1813,1813
812,Jacky Lister,1814,1814
813,Scarface Jacquest,1815,1815
814,Burk Hendrick,1816,1816
815,Enrica Nast,1817,1817
816,Allie Novelli,1818,1818
817,Dre Temporal,1819,1819
818,Ashil Antonelli,1820,1820
819,Tilda Frazier,1821,1821
820,Jacquelyn Hambric,1822,1822
821,Tristan Taylerson,1823,1823
822,Adena Oldis,1824,1824
823,Wendall Basso,1825,1825
824,Matteo Hinchshaw,1826,1826
825,Lockwood Daintith,1827,1827
826,Alvinia McElvine,1828,1828
827,Jose Walshe,1829,1829
828,Kevan Rosario,1830,1830
829,Shayna Hingeley,1831,1831
830,Rollins MacPaik,1832,1832
831,Garrott O'Kenny,1833,1833
832,Winfield Postill,1834,1834
833,Flory Cardew,1835,1835
834,Goddard Challiner,1836,1836
835,Brant Malsher,1837,1837
836,Hugo Moon,1838,1838
837,Ulrich Larmour,1839,1839
838,Clementia Gheeraert,1840,1840
839,Stace Rollins,1841,1841
840,Antonio Lanchbery,1842,1842
841,Lorinda Hale,1843,1843
842,Modesta Sayles,1844,1844
843,Baillie McGrill,1845,1845
844,Marika Lowres,1846,1846
845,Clari Betty,1847,1847
846,Oliy Papaminas,1848,1848
847,Kahaleel Corry,1849,1849
848,Chelsy Lackie,1850,1850
849,Lorne Halegarth,1851,1851
850,Gerianne Iannetti,1852,1852
851,Griselda Matis,1853,1853
852,Herby Linkin,1854,1854
853,Clarice Alleway,1855,1855
854,Shae Coomer,1856,1856
855,Elliot Gobourn,1857,1857
856,Darnell Glasbey,1858,1858
857,Andy Paynter,1859,1859
858,Abel Kanter,1860,1860
859,Kain Olivie,1861,1861
860,Kippy Eard,1862,1862
861,Golda Seakes,1863,1863
862,Carey Sugge,1864,1864
863,Harcourt Greatland,1865,1865
864,Wilma Budcock,1866,1866
865,Freddie Cowgill,1867,1867
866,Lindy Hellens,1868,1868
867,Maye Dener,1869,1869
868,Bobbe Simester,1870,1870
869,Abbe Howey,1871,1871
870,Benedetta Waddam,1872,1872
871,Rebecka Ivanaev,1873,1873
872,Barry Pounder,1874,1874
873,Josee Burberow,1875,1875
874,Jemimah Bolzmann,1876,1876
875,Kurtis Priestner,1877,1877
876,Massimiliano Lourenco,1878,1878
877,Alano Doucette,1879,1879
878,Brand Deeth,1880,1880
879,Ron Holgan,1881,1881
880,Elliot Screas,1882,1882
881,Hermy Baudinot,1883,1883
882,Gusta Klimashevich,1884,1884
883,Correy Pinner,1885,1885
884,Benedetta Glader,1886,1886
885,James Antonelli,1887,1887
886,Leah O'Fihily,1888,1888
887,Stepha Gudgeon,1889,1889
888,Lemmie Marnes,1890,1890
889,Livia Roelofsen,1891,1891
890,Dehlia Goult,1892,1892
891,Rheta Yarn,1893,1893
892,Caz Bernadot,1894,1894
893,Hunt Jablonski,1895,1895
894,Anne Conelly,1896,1896
895,Krissie Aburrow,1897,1897
896,Cleopatra Chipp,1898,1898
897,Silas Boig,1899,1899
898,Marilyn Mordan,1900,1900
899,Anatola Meco,1901,1901
900,Errick Weir,1902,1902
901,Araldo Pitone,1903,1903
902,Brina Wenden,1904,1904
903,Freedman Daviddi,1905,1905
904,Kim Cropp,1906,1906
905,Neale Selvey,1907,1907
906,Junette Cristoforo,1908,1908
907,Arnaldo enzley,1909,1909
908,Carmelle Rye,1910,1910
909,Drugi McIlrath,1911,1911
910,Lilith Staveley,1912,1912
911,Carlie Bannerman,1913,1913
912,Harcourt Galloway,1914,1914
913,Sashenka Handscomb,1915,1915
914,Billye Rablin,1916,1916
915,Nial Weare,1917,1917
916,Pamella Vaughten,1918,1918
917,Min Claridge,1919,1919
918,Kenton Souttar,1920,1920
919,Reba Rollo,1921,1921
920,Dareen Mahady,1922,1922
921,Elizabeth Leijs,1923,1923
922,Georgiana Garroch,1924,1924
923,Melinda Goudman,1925,1925
924,Oliy Pays,1926,1926
925,Aldo Doole,1927,1927
926,Megan Dibson,1928,1928
927,Benson Orro,1929,1929
928,Leonidas Flinn,1930,1930
929,Nils Van den Dael,1931,1931
930,Valentina Buckell,1932,1932
931,Thatch Arnald,1933,1933
932,Shalne Biskupiak,1934,1934
933,Farly Kunz,1935,1935
934,Willie Carnall,1936,1936
935,Wileen Reeson,1937,1937
936,Jayme Crone,1938,1938
937,See Aymeric,1939,1939
938,Cchaddie Megarry,1940,1940
939,Bret Hayhow,1941,1941
940,Gracie Lazer,1942,1942
941,Winfield Gasticke,1943,1943
942,Pepita Ruske,1944,1944
943,Leora Garaghan,1945,1945
944,Llywellyn Jindrich,1946,1946
945,Luella Smoth,1947,1947
946,Esdras Grimsey,1948,1948
947,Rozalie Andrzejczak,1949,1949
948,Laurette Maleby,1950,1950
949,Erika Hatwells,1951,1951
950,Daria Kenyam,1952,1952
951,Zondra Harriagn,1953,1953
952,Danna Simonsen,1954,1954
953,Chryste Offener,1955,1955
954,Stacia Francke,1956,1956
955,Ingelbert Keniwell,1957,1957
956,Gradeigh Lung,1958,1958
957,Audrey Sharper,1959,1959
958,Billie Baldetti,1960,1960
959,Marc Wattins,1961,1961
960,Cinnamon Eagan,1962,1962
961,Sibby Crab,1963,1963
962,Sher Rosingdall,1964,1964
963,Caryn Field,1965,1965
964,Marysa Kelling,1966,1966
965,Noach Conelly,1967,1967
966,David Lubman,1968,1968
967,Ulric Jeffress,1969,1969
968,Dolph Aylmer,1970,1970
969,Gawain Matthisson,1971,1971
970,Adelle Iacomettii,1972,1972
971,Janos Acreman,1973,1973
972,Dare Siggs,1974,1974
973,Edita Budding,1975,1975
974,Lawrence Luckett,1976,1976
975,Gary Flecknoe,1977,1977
976,Corrinne Dockreay,1978,1978
977,Barbara-anne Bockin,1979,1979
978,Terri-jo Hambright,1980,1980
979,Rutledge O'Skehan,1981,1981
980,Beatrisa Dinsmore,1982,1982
981,Nigel Alenichicov,1983,1983
982,Allen Comino,1984,1984
983,Julia Chatenier,1985,1985
984,Dal Deny,1986,1986
985,Missy Ellph,1987,1987
986,Correy Kerner,1988,1988
987,Nikkie Bosward,1989,1989
988,Gabrila Castelluzzi,1990,1990
989,Melisandra Atlay,1991,1991
990,Errick Tubbles,1992,1992
991,Anatol Winspur,1993,1993
992,Julio Samsin,1994,1994
993,Lawrence Gerwood,1995,1995
994,Cos Matuszynski,1996,1996
995,Giffie Garfit,1997,1997
996,Kym Haquin,1998,1998
997,Chris Codi,1999,1999
998,Maxim Hartigan,2000,2000
999,Marshall Stocking,2001,2001
1000,Britt Presley,2002,2002
