1,Senior Editor
2,Chemical Engineer
3,Teacher
4,Financial Advisor
5,Sales Associate
6,Electrical Engineer
7,Software Consultant
8,Database Administrator III
9,Environmental Specialist
10,Executive Secretary
11,Product Engineer
12,Health Coach IV
13,Physical Therapy Assistant
14,Associate Professor
15,Design Engineer
16,Actuary
17,Director of Sales
18,VP Sales
19,Senior Editor
20,Internal Auditor
21,Systems Administrator I
22,Director of Sales
23,Physical Therapy Assistant
24,Geological Engineer
25,Engineer I
26,Associate Professor
27,Assistant Manager
28,General Manager
29,Programmer Analyst IV
30,Junior Executive
31,Editor
32,Help Desk Operator
33,Marketing Manager
34,Programmer Analyst II
35,Nurse
36,Editor
37,Chemical Engineer
38,VP Accounting
39,Speech Pathologist
40,Web Developer II
41,Software Engineer III
42,Senior Cost Accountant
43,Senior Quality Engineer
44,Analyst Programmer
45,Environmental Tech
46,Internal Auditor
47,Librarian
48,Administrative Assistant IV
49,Biostatistician IV
50,Project Manager
51,Technical Writer
52,VP Product Management
53,Registered Nurse
54,Legal Assistant
55,Physical Therapy Assistant
56,Database Administrator II
57,Structural Engineer
58,Recruiting Manager
59,Statistician II
60,General Manager
61,Environmental Tech
62,Project Manager
63,Food Chemist
64,VP Sales
65,Help Desk Operator
66,Safety Technician I
67,Programmer Analyst IV
68,Web Developer III
69,Operator
70,Web Developer III
71,Recruiter
72,Director of Sales
73,Community Outreach Specialist
74,Safety Technician III
75,VP Sales
76,Junior Executive
77,Financial Advisor
78,Nurse
79,Research Nurse
80,Technical Writer
81,VP Quality Control
82,Research Nurse
83,Librarian
84,Project Manager
85,Nuclear Power Engineer
86,Food Chemist
87,Mechanical Systems Engineer
88,Marketing Assistant
89,Pharmacist
90,Professor
91,Geological Engineer
92,Director of Sales
93,Information Systems Manager
94,Account Executive
95,Nurse Practicioner
96,Senior Developer
97,Programmer Analyst III
98,VP Accounting
99,Paralegal
100,Computer Systems Analyst II
101,Senior Sales Associate
102,Marketing Assistant
103,Systems Administrator IV
104,Associate Professor
105,Senior Financial Analyst
106,Assistant Media Planner
107,Research Associate
108,Electrical Engineer
109,Speech Pathologist
110,Sales Associate
111,Research Nurse
112,Sales Representative
113,Analog Circuit Design manager
114,Quality Control Specialist
115,Assistant Media Planner
116,Design Engineer
117,Administrative Officer
118,Assistant Professor
119,Teacher
120,Assistant Media Planner
121,Programmer Analyst III
122,Web Developer I
123,Legal Assistant
124,Web Developer II
125,Structural Analysis Engineer
126,Assistant Professor
127,Operator
128,Data Coordiator
129,Speech Pathologist
130,Software Test Engineer III
131,Information Systems Manager
132,Actuary
133,Compensation Analyst
134,Quality Engineer
135,Compensation Analyst
136,Pharmacist
137,Nuclear Power Engineer
138,Cost Accountant
139,Media Manager I
140,Junior Executive
141,Tax Accountant
142,Database Administrator I
143,Account Representative III
144,General Manager
145,Recruiter
146,Speech Pathologist
147,Product Engineer
148,Librarian
149,Business Systems Development Analyst
150,Nurse
151,Recruiting Manager
152,Help Desk Technician
153,VP Sales
154,Registered Nurse
155,Senior Sales Associate
156,Pharmacist
157,Operator
158,Software Test Engineer II
159,Food Chemist
160,Assistant Professor
161,Director of Sales
162,Statistician III
163,Editor
164,Research Nurse
165,Payment Adjustment Coordinator
166,Physical Therapy Assistant
167,Staff Accountant II
168,Biostatistician III
169,Programmer IV
170,Database Administrator II
171,Assistant Professor
172,Junior Executive
173,Sales Representative
174,Internal Auditor
175,Registered Nurse
176,Web Designer II
177,Product Engineer
178,Business Systems Development Analyst
179,Marketing Manager
180,Accountant I
181,Actuary
182,Research Nurse
183,Programmer Analyst I
184,VP Marketing
185,Design Engineer
186,Actuary
187,Marketing Assistant
188,Senior Sales Associate
189,Office Assistant III
190,Project Manager
191,Payment Adjustment Coordinator
192,Software Test Engineer I
193,Account Coordinator
194,Research Assistant III
195,Systems Administrator III
196,Administrative Officer
197,Office Assistant II
198,Accounting Assistant I
199,Analyst Programmer
200,Operator
201,Senior Sales Associate
202,Design Engineer
203,Engineer III
204,Pharmacist
205,Legal Assistant
206,Environmental Specialist
207,Mechanical Systems Engineer
208,Software Consultant
209,Associate Professor
210,Safety Technician I
211,Chief Design Engineer
212,Clinical Specialist
213,Occupational Therapist
214,Database Administrator II
215,Help Desk Operator
216,Senior Sales Associate
217,Administrative Assistant I
218,Software Test Engineer I
219,Librarian
220,Actuary
221,Community Outreach Specialist
222,Actuary
223,Financial Advisor
224,Speech Pathologist
225,Project Manager
226,Compensation Analyst
227,Business Systems Development Analyst
228,Occupational Therapist
229,Senior Editor
230,Civil Engineer
231,Geologist II
232,Structural Analysis Engineer
233,Account Coordinator
234,Staff Scientist
235,Geologist II
236,Biostatistician IV
237,Financial Analyst
238,Web Developer II
239,Marketing Assistant
240,Environmental Specialist
241,Environmental Specialist
242,Teacher
243,GIS Technical Architect
244,Help Desk Technician
245,Paralegal
246,Web Designer IV
247,GIS Technical Architect
248,Assistant Media Planner
249,Recruiter
250,VP Sales
251,Engineer II
252,Senior Quality Engineer
253,Safety Technician I
254,Tax Accountant
255,Senior Cost Accountant
256,Project Manager
257,Senior Quality Engineer
258,Social Worker
259,Help Desk Operator
260,Automation Specialist II
261,Research Nurse
262,Assistant Manager
263,Associate Professor
264,Legal Assistant
265,Staff Scientist
266,Web Developer II
267,Speech Pathologist
268,Registered Nurse
269,Assistant Professor
270,Senior Editor
271,Account Coordinator
272,Structural Engineer
273,VP Sales
274,Legal Assistant
275,Account Representative III
276,Marketing Assistant
277,Graphic Designer
278,Teacher
279,Database Administrator III
280,Social Worker
281,Nurse Practicioner
282,Nurse
283,Geologist I
284,Sales Representative
285,Sales Representative
286,Statistician III
287,Geological Engineer
288,Chief Design Engineer
289,Help Desk Operator
290,Teacher
291,Legal Assistant
292,Civil Engineer
293,Data Coordiator
294,Software Engineer III
295,Marketing Assistant
296,VP Quality Control
297,VP Accounting
298,Nurse Practicioner
299,Electrical Engineer
300,Nurse Practicioner
301,Technical Writer
302,Desktop Support Technician
303,Assistant Professor
304,Occupational Therapist
305,Speech Pathologist
306,Accountant I
307,Sales Representative
308,Human Resources Manager
309,Civil Engineer
310,Legal Assistant
311,Food Chemist
312,Account Executive
313,Account Coordinator
314,Design Engineer
315,Community Outreach Specialist
316,Structural Analysis Engineer
317,Chemical Engineer
318,Chemical Engineer
319,Analog Circuit Design manager
320,Legal Assistant
321,Cost Accountant
322,Physical Therapy Assistant
323,Professor
324,Statistician I
325,Automation Specialist IV
326,Senior Editor
327,Physical Therapy Assistant
328,Financial Analyst
329,Senior Editor
330,Marketing Manager
331,Health Coach I
332,Payment Adjustment Coordinator
333,Financial Advisor
334,Paralegal
335,VP Quality Control
336,Help Desk Operator
337,Human Resources Assistant IV
338,Research Nurse
339,Assistant Professor
340,Systems Administrator III
341,Staff Accountant IV
342,Pharmacist
343,Director of Sales
344,Cost Accountant
345,Operator
346,Tax Accountant
347,Programmer III
348,Marketing Assistant
349,Information Systems Manager
350,Legal Assistant
351,Assistant Media Planner
352,Actuary
353,Accounting Assistant I
354,Health Coach I
355,Internal Auditor
356,Nurse
357,Software Consultant
358,Programmer Analyst III
359,Information Systems Manager
360,Senior Quality Engineer
361,Recruiting Manager
362,Recruiter
363,VP Product Management
364,VP Accounting
365,Food Chemist
366,GIS Technical Architect
367,Accounting Assistant IV
368,Automation Specialist II
369,Staff Scientist
370,Food Chemist
371,Senior Quality Engineer
372,Pharmacist
373,Teacher
374,Paralegal
375,Help Desk Operator
376,Account Coordinator
377,VP Sales
378,Electrical Engineer
379,Recruiter
380,Recruiter
381,Office Assistant III
382,Help Desk Technician
383,Operator
384,Sales Representative
385,Marketing Manager
386,Geological Engineer
387,Senior Sales Associate
388,Dental Hygienist
389,Financial Advisor
390,Editor
391,Junior Executive
392,VP Marketing
393,Librarian
394,Engineer III
395,Accounting Assistant IV
396,Editor
397,Help Desk Technician
398,Marketing Assistant
399,Product Engineer
400,Senior Cost Accountant
401,Cost Accountant
402,Financial Analyst
403,Associate Professor
404,Database Administrator II
405,Nurse
406,Account Representative III
407,Community Outreach Specialist
408,Speech Pathologist
409,Marketing Assistant
410,Research Nurse
411,Analog Circuit Design manager
412,Recruiting Manager
413,Financial Analyst
414,Data Coordiator
415,Geologist I
416,Nuclear Power Engineer
417,Physical Therapy Assistant
418,Marketing Assistant
419,Pharmacist
420,Accountant III
421,Sales Representative
422,Software Test Engineer II
423,Payment Adjustment Coordinator
424,Recruiting Manager
425,Business Systems Development Analyst
426,Office Assistant II
427,Legal Assistant
428,Administrative Officer
429,Nurse
430,Teacher
431,Junior Executive
432,Database Administrator I
433,Electrical Engineer
434,Account Executive
435,Business Systems Development Analyst
436,Technical Writer
437,Civil Engineer
438,Executive Secretary
439,VP Sales
440,Data Coordiator
441,Recruiting Manager
442,Help Desk Operator
443,Programmer Analyst III
444,Programmer Analyst III
445,Civil Engineer
446,Compensation Analyst
447,Software Test Engineer II
448,Food Chemist
449,Office Assistant I
450,Nurse Practicioner
451,Accountant IV
452,Cost Accountant
453,Technical Writer
454,Compensation Analyst
455,Computer Systems Analyst III
456,Senior Financial Analyst
457,Automation Specialist IV
458,Marketing Manager
459,Technical Writer
460,Nuclear Power Engineer
461,Marketing Manager
462,Recruiter
463,VP Quality Control
464,Automation Specialist IV
465,Marketing Assistant
466,Director of Sales
467,Cost Accountant
468,Help Desk Technician
469,Clinical Specialist
470,Internal Auditor
471,Librarian
472,Budget/Accounting Analyst II
473,Help Desk Operator
474,Web Designer II
475,Speech Pathologist
476,Data Coordiator
477,Design Engineer
478,VP Accounting
479,Programmer I
480,Computer Systems Analyst III
481,Recruiting Manager
482,Social Worker
483,Paralegal
484,Environmental Specialist
485,Occupational Therapist
486,Marketing Manager
487,Pharmacist
488,Safety Technician IV
489,Electrical Engineer
490,VP Quality Control
491,Project Manager
492,Associate Professor
493,Clinical Specialist
494,Help Desk Technician
495,Community Outreach Specialist
496,Assistant Professor
497,Project Manager
498,Marketing Assistant
499,Marketing Manager
500,Administrative Assistant I
501,Sales Representative
502,Payment Adjustment Coordinator
503,Statistician II
504,Internal Auditor
505,Software Test Engineer II
506,Human Resources Manager
507,Analog Circuit Design manager
508,Registered Nurse
509,Desktop Support Technician
510,Senior Quality Engineer
511,Speech Pathologist
512,Account Executive
513,Programmer Analyst I
514,Statistician III
515,Professor
516,Assistant Manager
517,Tax Accountant
518,Software Consultant
519,Chief Design Engineer
520,Recruiter
521,Staff Accountant IV
522,Internal Auditor
523,Legal Assistant
524,Programmer I
525,Structural Analysis Engineer
526,Help Desk Operator
527,Research Assistant IV
528,Financial Analyst
529,Paralegal
530,Information Systems Manager
531,Staff Scientist
532,Programmer III
533,Budget/Accounting Analyst I
534,Graphic Designer
535,Professor
536,Statistician I
537,Help Desk Technician
538,Structural Engineer
539,Accountant II
540,Data Coordiator
541,Payment Adjustment Coordinator
542,Social Worker
543,General Manager
544,Help Desk Technician
545,Systems Administrator II
546,Design Engineer
547,Speech Pathologist
548,Help Desk Operator
549,Community Outreach Specialist
550,Senior Quality Engineer
551,Programmer Analyst I
552,Structural Analysis Engineer
553,Web Developer I
554,Associate Professor
555,Director of Sales
556,Food Chemist
557,Research Nurse
558,Web Designer II
559,GIS Technical Architect
560,Web Developer IV
561,VP Sales
562,Dental Hygienist
563,Junior Executive
564,Community Outreach Specialist
565,Nurse Practicioner
566,Health Coach II
567,Accountant IV
568,Social Worker
569,Geologist I
570,Nuclear Power Engineer
571,Programmer I
572,Senior Developer
573,Web Designer I
574,Associate Professor
575,Analog Circuit Design manager
576,Administrative Officer
577,Media Manager III
578,Quality Engineer
579,Nuclear Power Engineer
580,Biostatistician III
581,Associate Professor
582,Nurse Practicioner
583,Quality Control Specialist
584,Geological Engineer
585,Dental Hygienist
586,Administrative Assistant IV
587,Accountant I
588,Executive Secretary
589,Physical Therapy Assistant
590,VP Quality Control
591,Editor
592,Teacher
593,Assistant Manager
594,Civil Engineer
595,Systems Administrator III
596,Account Coordinator
597,Account Coordinator
598,Executive Secretary
599,Executive Secretary
600,Staff Accountant III
601,Assistant Professor
602,Design Engineer
603,Nurse Practicioner
604,Financial Advisor
605,Quality Engineer
606,Occupational Therapist
607,Teacher
608,Accountant III
609,Paralegal
610,Media Manager III
611,Operator
612,Associate Professor
613,Accounting Assistant I
614,VP Accounting
615,Payment Adjustment Coordinator
616,Civil Engineer
617,Tax Accountant
618,Pharmacist
619,Research Nurse
620,Quality Control Specialist
621,Account Representative II
622,Analyst Programmer
623,Technical Writer
624,Product Engineer
625,Help Desk Technician
626,Actuary
627,VP Accounting
628,Project Manager
629,VP Sales
630,Research Associate
631,VP Product Management
632,Librarian
633,Financial Advisor
634,Financial Advisor
635,Clinical Specialist
636,Tax Accountant
637,Operator
638,Programmer II
639,Assistant Manager
640,Sales Representative
641,Web Designer I
642,Business Systems Development Analyst
643,Staff Accountant IV
644,Librarian
645,GIS Technical Architect
646,Professor
647,Recruiting Manager
648,Editor
649,Food Chemist
650,Environmental Tech
651,Programmer I
652,Tax Accountant
653,Staff Accountant IV
654,Social Worker
655,VP Accounting
656,Senior Cost Accountant
657,VP Sales
658,Computer Systems Analyst III
659,Senior Quality Engineer
660,Geologist II
661,Human Resources Manager
662,Statistician IV
663,Nurse
664,Director of Sales
665,GIS Technical Architect
666,Desktop Support Technician
667,Operator
668,Civil Engineer
669,Structural Analysis Engineer
670,Food Chemist
671,Software Test Engineer I
672,Speech Pathologist
673,Physical Therapy Assistant
674,VP Marketing
675,Operator
676,Geologist IV
677,Account Representative II
678,GIS Technical Architect
679,Analog Circuit Design manager
680,Recruiting Manager
681,Senior Cost Accountant
682,VP Accounting
683,Senior Sales Associate
684,Web Designer II
685,Actuary
686,Budget/Accounting Analyst III
687,Assistant Professor
688,Professor
689,Marketing Manager
690,Nuclear Power Engineer
691,Software Consultant
692,Account Executive
693,Pharmacist
694,Developer II
695,Business Systems Development Analyst
696,Physical Therapy Assistant
697,Quality Engineer
698,Actuary
699,Chief Design Engineer
700,Civil Engineer
701,Data Coordiator
702,Project Manager
703,Food Chemist
704,Director of Sales
705,Financial Analyst
706,Quality Engineer
707,Research Associate
708,Staff Accountant IV
709,Dental Hygienist
710,Compensation Analyst
711,Research Associate
712,Community Outreach Specialist
713,Director of Sales
714,Programmer Analyst IV
715,Help Desk Operator
716,Social Worker
717,Mechanical Systems Engineer
718,Human Resources Assistant II
719,Desktop Support Technician
720,Cost Accountant
721,VP Accounting
722,Programmer Analyst II
723,Research Nurse
724,Engineer III
725,Programmer IV
726,Legal Assistant
727,Geological Engineer
728,Registered Nurse
729,Recruiter
730,Actuary
731,Social Worker
732,Actuary
733,Civil Engineer
734,Accountant III
735,Legal Assistant
736,Senior Quality Engineer
737,Quality Control Specialist
738,Administrative Officer
739,VP Accounting
740,Senior Quality Engineer
741,VP Marketing
742,Programmer Analyst II
743,Safety Technician II
744,Software Consultant
745,Senior Quality Engineer
746,Payment Adjustment Coordinator
747,Actuary
748,Database Administrator I
749,Geological Engineer
750,Senior Quality Engineer
751,Account Coordinator
752,Quality Engineer
753,Internal Auditor
754,Geologist II
755,Help Desk Operator
756,Design Engineer
757,Quality Control Specialist
758,Teacher
759,Human Resources Manager
760,Senior Editor
761,Staff Scientist
762,VP Quality Control
763,Food Chemist
764,Mechanical Systems Engineer
765,Quality Engineer
766,Physical Therapy Assistant
767,Civil Engineer
768,Associate Professor
769,VP Accounting
770,Nurse Practicioner
771,Nuclear Power Engineer
772,Accountant II
773,Project Manager
774,Health Coach IV
775,Programmer Analyst III
776,Safety Technician I
777,Social Worker
778,Programmer Analyst IV
779,Marketing Assistant
780,Structural Engineer
781,Budget/Accounting Analyst I
782,Pharmacist
783,Payment Adjustment Coordinator
784,Senior Editor
785,Nurse Practicioner
786,Biostatistician IV
787,Registered Nurse
788,Information Systems Manager
789,Assistant Media Planner
790,Staff Accountant II
791,Nurse
792,Design Engineer
793,Payment Adjustment Coordinator
794,Chemical Engineer
795,Senior Financial Analyst
796,Help Desk Operator
797,Staff Accountant IV
798,Recruiting Manager
799,Software Test Engineer III
800,Dental Hygienist
801,Speech Pathologist
802,Programmer Analyst IV
803,Financial Advisor
804,Senior Quality Engineer
805,Legal Assistant
806,Paralegal
807,Programmer Analyst II
808,Budget/Accounting Analyst I
809,Chemical Engineer
810,Developer I
811,Actuary
812,Professor
813,Editor
814,Executive Secretary
815,Environmental Tech
816,Registered Nurse
817,Web Designer I
818,Accountant III
819,Sales Associate
820,Civil Engineer
821,Graphic Designer
822,Marketing Assistant
823,Senior Cost Accountant
824,Research Nurse
825,Research Nurse
826,Mechanical Systems Engineer
827,Desktop Support Technician
828,Dental Hygienist
829,Recruiting Manager
830,Executive Secretary
831,Editor
832,Geological Engineer
833,Recruiter
834,Biostatistician I
835,Compensation Analyst
836,Senior Quality Engineer
837,Analyst Programmer
838,GIS Technical Architect
839,Automation Specialist IV
840,Research Associate
841,Media Manager III
842,Pharmacist
843,Administrative Assistant I
844,Mechanical Systems Engineer
845,Executive Secretary
846,Technical Writer
847,Financial Analyst
848,Sales Associate
849,Software Engineer IV
850,Research Assistant II
851,Web Designer IV
852,Statistician I
853,Account Representative IV
854,Social Worker
855,Analyst Programmer
856,Database Administrator III
857,VP Accounting
858,Operator
859,Senior Financial Analyst
860,Mechanical Systems Engineer
861,Help Desk Operator
862,VP Product Management
863,Nurse
864,Research Assistant III
865,Geologist I
866,Health Coach III
867,Occupational Therapist
868,Accountant I
869,Paralegal
870,Civil Engineer
871,Physical Therapy Assistant
872,Social Worker
873,Software Test Engineer I
874,Paralegal
875,Paralegal
876,Actuary
877,Quality Engineer
878,Business Systems Development Analyst
879,Assistant Professor
880,Software Test Engineer III
881,Physical Therapy Assistant
882,Office Assistant II
883,Graphic Designer
884,Chemical Engineer
885,VP Product Management
886,Senior Sales Associate
887,Engineer IV
888,Quality Control Specialist
889,Web Designer I
890,Environmental Tech
891,Legal Assistant
892,Account Executive
893,Human Resources Manager
894,Marketing Manager
895,VP Sales
896,Professor
897,Analog Circuit Design manager
898,Assistant Manager
899,Human Resources Assistant II
900,Structural Engineer
901,Assistant Manager
902,Assistant Media Planner
903,Administrative Officer
904,Senior Quality Engineer
905,Clinical Specialist
906,Research Associate
907,Actuary
908,Internal Auditor
909,Administrative Officer
910,Speech Pathologist
911,Account Representative I
912,Editor
913,Operator
914,Office Assistant II
915,Budget/Accounting Analyst I
916,Executive Secretary
917,Software Engineer I
918,Assistant Media Planner
919,VP Quality Control
920,Desktop Support Technician
921,Human Resources Manager
922,Paralegal
923,Senior Editor
924,Operator
925,Accounting Assistant III
926,Editor
927,Software Consultant
928,Actuary
929,Software Engineer II
930,Structural Engineer
931,Web Developer III
932,Biostatistician III
933,Assistant Media Planner
934,Help Desk Technician
935,Staff Accountant II
936,Technical Writer
937,Environmental Specialist
938,Junior Executive
939,Physical Therapy Assistant
940,Senior Quality Engineer
941,Senior Quality Engineer
942,Food Chemist
943,Design Engineer
944,Desktop Support Technician
945,Associate Professor
946,Account Executive
947,Payment Adjustment Coordinator
948,Assistant Professor
949,Occupational Therapist
950,Staff Accountant IV
951,Statistician III
952,Developer I
953,Staff Scientist
954,Quality Control Specialist
955,Teacher
956,Statistician I
957,Human Resources Assistant III
958,Librarian
959,Human Resources Assistant II
960,Senior Editor
961,Environmental Specialist
962,Senior Cost Accountant
963,Database Administrator II
964,Accounting Assistant II
965,Speech Pathologist
966,Dental Hygienist
967,Programmer II
968,Nurse Practicioner
969,Research Associate
970,Chemical Engineer
971,General Manager
972,Research Associate
973,VP Marketing
974,Recruiter
975,Systems Administrator IV
976,Assistant Manager
977,Structural Analysis Engineer
978,Tax Accountant
979,Software Consultant
980,Systems Administrator IV
981,Senior Quality Engineer
982,Help Desk Operator
983,Tax Accountant
984,Social Worker
985,Statistician II
986,Payment Adjustment Coordinator
987,Chemical Engineer
988,VP Accounting
989,Information Systems Manager
990,Assistant Media Planner
991,Software Test Engineer I
992,Marketing Assistant
993,Chief Design Engineer
994,Structural Engineer
995,Structural Engineer
996,Technical Writer
997,Staff Accountant II
998,Research Associate
999,Tax Accountant
1000,Mechanical Systems Engineer
